# profile=agv-01 blind run: 1 segment(s) at 637 r/min reference, 1080000 counts per wheel turn
t,dt,phase,segment,tgt_l_m,tgt_r_m,prog_l_m,prog_r_m,cnt_l,cnt_r,n_l,n_r,rpm_l,rpm_r,x_m,y_m,heading_deg,speed_mps,gyro_z_dps,loop_ms
0.0056,0.0200,running,1,1.0000,1.0000,0.0000,-0.0000,13063836,17546394,16.0000,16.0067,0,0,-0.0000,0.0000,-0.0001,0.0050,0.0000,20.0000
0.0224,0.0168,running,1,1.0000,1.0000,0.0000,0.0000,13063861,17546416,29.4642,29.4808,0,0,0.0000,-0.0000,-0.0003,0.0093,0.0000,16.8302
0.0434,0.0200,running,1,1.0000,1.0000,0.0001,0.0001,13064056,17546623,45.4401,45.4167,0,0,0.0001,0.0000,0.0004,0.0143,0.0000,19.9699
0.0629,0.0204,running,1,1.0000,1.0000,0.0003,0.0003,13064381,17546957,61.7757,61.7224,0,0,0.0003,0.0000,0.0010,0.0194,0.0000,20.4195
0.0834,0.0206,running,1,1.0000,1.0000,0.0006,0.0006,13064932,17547503,78.2650,78.2283,0,0,0.0006,0.0000,0.0007,0.0246,0.0000,20.6116
0.1164,0.0322,running,1,1.0000,1.0000,0.0013,0.0013,13066287,17548866,104.0343,103.9710,61,63,0.0013,0.0000,0.0012,0.0327,0.0000,32.2116
0.1359,0.0203,running,1,1.0000,1.0000,0.0018,0.0018,13067320,17549846,120.2560,120.3693,61,63,0.0018,0.0000,-0.0021,0.0378,0.0000,20.2771
0.1559,0.0201,running,1,1.0000,1.0000,0.0024,0.0024,13068499,17551014,136.3349,136.4849,61,63,0.0024,-0.0000,-0.0028,0.0428,0.0000,20.0987
0.1759,0.0200,running,1,1.0000,1.0000,0.0031,0.0031,13069826,17552352,152.3414,152.4547,61,63,0.0031,-0.0000,-0.0021,0.0479,0.0000,20.0081
0.1962,0.0201,running,1,1.0000,1.0000,0.0039,0.0039,13071373,17553910,168.4191,168.4957,61,63,0.0039,-0.0000,-0.0014,0.0529,0.0000,20.0971
0.2164,0.0204,running,1,1.0000,1.0000,0.0049,0.0049,13073152,17555690,184.7174,184.7908,61,63,0.0049,-0.0000,-0.0014,0.0580,0.0000,20.3729
0.2364,0.0200,running,1,1.0000,1.0000,0.0059,0.0059,13075118,17557638,200.7368,200.8701,61,63,0.0059,-0.0000,-0.0025,0.0631,0.0000,20.0242
0.2567,0.0201,running,1,1.0000,1.0000,0.0071,0.0070,13077307,17559789,216.8551,217.1151,61,63,0.0070,-0.0000,-0.0048,0.0681,0.0000,20.1479
0.2766,0.0200,running,1,1.0000,1.0000,0.0083,0.0082,13079625,17562106,232.8923,233.1556,61,63,0.0082,-0.0000,-0.0049,0.0732,0.0000,20.0465
0.2988,0.0221,running,1,1.0000,1.0000,0.0097,0.0097,13082433,17564919,250.5644,250.8111,61,63,0.0097,-0.0000,-0.0046,0.0787,-0.1221,22.0901
0.3292,0.0305,running,1,1.0000,1.0000,0.0120,0.0119,13086662,17569134,274.9595,275.2528,224,229,0.0119,-0.0000,-0.0054,0.0864,-0.1221,30.4939
0.3491,0.0200,running,1,1.0000,1.0000,0.0135,0.0135,13089688,17572159,290.9615,291.2581,224,229,0.0135,-0.0000,-0.0055,0.0914,-0.1221,20.0024
0.3694,0.0201,running,1,1.0000,1.0000,0.0153,0.0152,13092969,17575414,307.0507,307.4340,224,229,0.0152,-0.0000,-0.0071,0.0965,-0.1221,20.1115
0.3894,0.0201,running,1,1.0000,1.0000,0.0170,0.0170,13096376,17578818,323.1231,323.5164,224,229,0.0170,-0.0000,-0.0073,0.1015,-0.1221,20.0905
0.4097,0.0203,running,1,1.0000,1.0000,0.0190,0.0189,13100029,17582462,339.3617,339.7850,224,229,0.0189,-0.0000,-0.0078,0.1066,-0.1221,20.2983
0.4296,0.0199,running,1,1.0000,1.0000,0.0209,0.0209,13103830,17586268,355.2955,355.7022,224,229,0.0209,-0.0000,-0.0075,0.1116,-0.1221,19.9172
0.4496,0.0201,running,1,1.0000,1.0000,0.0230,0.0230,13107823,17590246,371.3445,371.8012,224,229,0.0230,-0.0000,-0.0085,0.1167,-0.1221,20.0613
0.4699,0.0201,running,1,1.0000,1.0000,0.0253,0.0252,13112062,17594483,387.4510,387.9143,224,229,0.0252,-0.0000,-0.0086,0.1217,-0.1221,20.1330
0.4913,0.0201,running,1,1.0000,1.0000,0.0275,0.0276,13116436,17599183,403.5413,402.9179,224,229,0.0276,-0.0000,0.0115,0.1268,-0.1221,20.1129
0.5101,0.0201,running,1,1.0000,1.0000,0.0300,0.0299,13121071,17603467,419.5843,420.1310,224,229,0.0299,-0.0000,-0.0101,0.1318,-0.1221,20.0538
0.5399,0.0300,running,1,1.0000,1.0000,0.0337,0.0336,13128198,17610615,443.5951,444.0717,393,397,0.0337,-0.0000,-0.0088,0.1394,-0.1221,30.0134
0.5601,0.0201,running,1,1.0000,1.0000,0.0364,0.0363,13133315,17615719,459.6556,460.1756,393,397,0.0363,-0.0000,-0.0096,0.1444,-0.1221,20.0757
0.5801,0.0201,running,1,1.0000,1.0000,0.0391,0.0390,13138518,17620964,475.7133,476.0933,393,397,0.0391,-0.0000,-0.0070,0.1494,-0.1221,20.0722
0.6001,0.0201,running,1,1.0000,1.0000,0.0419,0.0419,13143946,17626374,491.7956,492.2356,393,397,0.0419,-0.0000,-0.0081,0.1545,-0.1221,20.1028
0.6207,0.0203,running,1,1.0000,1.0000,0.0450,0.0449,13149737,17632160,508.0405,508.4972,393,397,0.0449,-0.0000,-0.0085,0.1596,-0.1221,20.3061
0.6406,0.0199,running,1,1.0000,1.0000,0.0481,0.0480,13155615,17637993,523.9804,524.5870,393,397,0.0480,-0.0000,-0.0112,0.1646,-0.1221,19.9249
0.6607,0.0202,running,1,1.0000,1.0000,0.0512,0.0511,13161678,17644021,540.1462,540.8695,393,397,0.0512,-0.0000,-0.0134,0.1697,-0.1221,20.2072
0.6809,0.0201,running,1,1.0000,1.0000,0.0545,0.0544,13167941,17650287,556.1878,556.9011,393,397,0.0545,-0.0000,-0.0132,0.1747,-0.1221,20.0520
0.7006,0.0200,running,1,1.0000,1.0000,0.0578,0.0577,13174197,17656576,572.1505,572.7538,393,397,0.0577,-0.0000,-0.0112,0.1797,-0.1221,19.9534
0.7209,0.0203,running,1,1.0000,1.0000,0.0612,0.0612,13180804,17663260,588.3523,588.6989,393,397,0.0612,-0.0000,-0.0064,0.1848,-0.1221,20.2522
0.7509,0.0298,running,1,1.0000,1.0000,0.0666,0.0666,13191068,17673514,612.2133,612.5933,558,566,0.0666,-0.0000,-0.0070,0.1923,-0.1221,29.8262
0.7709,0.0201,running,1,1.0000,1.0000,0.0704,0.0703,13198239,17680624,628.2783,628.8616,558,566,0.0703,-0.0000,-0.0108,0.1974,-0.1221,20.0812
0.7909,0.0200,running,1,1.0000,1.0000,0.0742,0.0741,13205587,17687909,636.6198,637.4131,558,566,0.0742,-0.0000,-0.0147,0.2000,-0.1221,20.0360
0.8112,0.0201,running,1,1.0000,1.0000,0.0782,0.0781,13213166,17695469,636.6198,637.4764,558,566,0.0781,-0.0000,-0.0159,0.2000,-0.1221,20.1370
0.8311,0.0201,running,1,1.0000,1.0000,0.0822,0.0820,13220763,17703069,636.6198,637.4664,558,566,0.0821,-0.0000,-0.0157,0.2000,-0.1221,20.1140
0.8515,0.0201,running,1,1.0000,1.0000,0.0862,0.0861,13228480,17710845,636.6198,637.2698,558,566,0.0862,-0.0000,-0.0120,0.2000,-0.1221,20.1145
0.8711,0.0199,running,1,1.0000,1.0000,0.0901,0.0900,13236009,17718372,636.6198,637.2764,558,566,0.0901,-0.0000,-0.0122,0.2000,-0.1221,19.9155
0.8929,0.0218,running,1,1.0000,1.0000,0.0945,0.0944,13244384,17726716,636.6198,637.3798,558,566,0.0945,-0.0000,-0.0141,0.2000,-0.1221,21.7953
0.9130,0.0199,running,1,1.0000,1.0000,0.0986,0.0984,13252065,17734369,636.6198,637.4731,558,566,0.0985,-0.0000,-0.0158,0.2000,-0.1221,19.9410
0.9329,0.0200,running,1,1.0000,1.0000,0.1026,0.1024,13259720,17742021,636.6198,637.4831,558,566,0.1025,-0.0000,-0.0160,0.2000,-0.1221,20.0173
0.9589,0.0260,running,1,1.0000,1.0000,0.1078,0.1076,13269670,17751944,636.6198,637.5731,642,635,0.1077,-0.0000,-0.0177,0.2000,-0.1221,26.0129
0.9789,0.0199,running,1,1.0000,1.0000,0.1118,0.1116,13277333,17759598,636.6198,637.6031,642,635,0.1117,-0.0000,-0.0182,0.2000,-1.0986,19.8665
0.9990,0.0200,running,1,1.0000,1.0000,0.1158,0.1156,13284957,17767182,636.6198,637.7364,642,635,0.1157,-0.0000,-0.0207,0.2000,-1.0986,20.0348
1.0191,0.0202,running,1,1.0000,1.0000,0.1198,0.1196,13292691,17774838,636.6198,637.9964,642,635,0.1197,-0.0000,-0.0255,0.2000,-1.0986,20.1683
1.0407,0.0216,running,1,1.0000,1.0000,0.1241,0.1239,13300937,17783035,636.6198,638.1598,642,635,0.1240,-0.0000,-0.0285,0.2000,-1.0986,21.5988
1.0609,0.0202,running,1,1.0000,1.0000,0.1282,0.1279,13308640,17790712,636.6198,638.2464,642,635,0.1281,-0.0000,-0.0301,0.2000,-1.0986,20.1936
1.0814,0.0205,running,1,1.0000,1.0000,0.1323,0.1320,13316476,17798564,636.6198,638.1931,642,635,0.1322,-0.0000,-0.0291,0.2000,-1.0986,20.5161
1.1014,0.0200,running,1,1.0000,1.0000,0.1363,0.1360,13324116,17806198,636.6198,638.2131,642,635,0.1362,-0.0000,-0.0295,0.2000,-1.0986,20.0127
1.1214,0.0200,running,1,1.0000,1.0000,0.1403,0.1400,13331774,17813862,636.6198,638.1931,642,635,0.1402,-0.0000,-0.0291,0.2000,-1.0986,19.9618
1.1417,0.0202,running,1,1.0000,1.0000,0.1444,0.1441,13339544,17821664,636.6198,638.0864,642,635,0.1442,-0.0000,-0.0272,0.2000,-1.0986,20.2396
1.1682,0.0266,running,1,1.0000,1.0000,0.1497,0.1495,13349655,17831858,636.6198,637.8098,637,645,0.1496,-0.0000,-0.0220,0.2000,-1.0986,26.5758
1.1882,0.0200,running,1,1.0000,1.0000,0.1537,0.1535,13357316,17839526,636.6198,637.7864,637,645,0.1536,-0.0000,-0.0216,0.2000,-1.0986,20.0346
1.2084,0.0202,running,1,1.0000,1.0000,0.1577,0.1575,13365058,17847245,636.6198,637.8631,637,645,0.1576,-0.0000,-0.0230,0.2000,-1.0986,20.2283
1.2284,0.0200,running,1,1.0000,1.0000,0.1617,0.1616,13372742,17854938,636.6198,637.8331,637,645,0.1616,-0.0000,-0.0225,0.2000,-1.0986,19.9689
1.2482,0.0199,running,1,1.0000,1.0000,0.1657,0.1655,13380258,17862448,636.6198,637.8531,637,645,0.1656,-0.0000,-0.0228,0.2000,-1.0986,19.9346
1.2690,0.0205,running,1,1.0000,1.0000,0.1698,0.1697,13388209,17870417,636.6198,637.7931,637,645,0.1697,-0.0000,-0.0217,0.2000,-1.0986,20.4931
1.2891,0.0200,running,1,1.0000,1.0000,0.1738,0.1736,13395822,17878040,636.6198,637.7598,637,645,0.1737,-0.0000,-0.0211,0.2000,-1.0986,19.9761
1.3090,0.0201,running,1,1.0000,1.0000,0.1778,0.1777,13403462,17885700,636.6198,637.6931,637,645,0.1777,-0.0000,-0.0199,0.2000,-0.3052,20.1239
1.3289,0.0199,running,1,1.0000,1.0000,0.1818,0.1817,13411096,17893332,636.6198,637.6998,637,645,0.1817,-0.0000,-0.0200,0.2000,-0.3052,19.9121
1.3493,0.0203,running,1,1.0000,1.0000,0.1859,0.1857,13418815,17901051,636.6198,637.6998,637,645,0.1858,-0.0001,-0.0200,0.2000,-0.3052,20.2778
1.3749,0.0258,running,1,1.0000,1.0000,0.1910,0.1908,13428654,17910886,636.6198,637.7131,639,636,0.1909,-0.0001,-0.0202,0.2000,-0.3052,25.8176
1.3952,0.0203,running,1,1.0000,1.0000,0.1951,0.1949,13436409,17918596,636.6198,637.8631,639,636,0.1950,-0.0001,-0.0230,0.2000,-0.3052,20.2805
1.4155,0.0201,running,1,1.0000,1.0000,0.1991,0.1989,13444171,17926269,636.6198,638.1598,639,636,0.1990,-0.0001,-0.0285,0.2000,-0.3052,20.0986
1.4354,0.0202,running,1,1.0000,1.0000,0.2031,0.2029,13451799,17933902,636.6198,638.1431,639,636,0.2030,-0.0001,-0.0282,0.2000,-0.3052,20.1549
1.4557,0.0201,running,1,1.0000,1.0000,0.2072,0.2070,13459587,17941657,636.6198,638.2531,639,636,0.2071,-0.0001,-0.0302,0.2000,-0.3052,20.0700
1.4754,0.0200,running,1,1.0000,1.0000,0.2111,0.2109,13467097,17949172,636.6198,638.2364,639,636,0.2110,-0.0001,-0.0299,0.2000,-0.3052,19.9996
1.4957,0.0201,running,1,1.0000,1.0000,0.2152,0.2150,13474878,17956925,636.6198,638.3298,639,636,0.2151,-0.0001,-0.0317,0.2000,-0.3052,20.1498
1.5159,0.0201,running,1,1.0000,1.0000,0.2193,0.2190,13482579,17964637,636.6198,638.2931,639,636,0.2191,-0.0001,-0.0310,0.2000,-0.3052,20.1322
1.5356,0.0199,running,1,1.0000,1.0000,0.2232,0.2230,13490177,17972246,636.6198,638.2564,639,636,0.2231,-0.0001,-0.0303,0.2000,-0.3052,19.9395
1.5562,0.0203,running,1,1.0000,1.0000,0.2273,0.2271,13498012,17980048,636.6198,638.3664,639,636,0.2272,-0.0001,-0.0323,0.2000,-0.3052,20.2936
1.5820,0.0259,running,1,1.0000,1.0000,0.2325,0.2322,13507857,17989913,636.6198,638.2998,632,641,0.2324,-0.0001,-0.0311,0.2000,-0.3052,25.8607
1.6019,0.0200,running,1,1.0000,1.0000,0.2365,0.2362,13515441,17997520,636.6198,638.2231,632,641,0.2363,-0.0001,-0.0297,0.2000,-0.3052,19.9784
1.6220,0.0201,running,1,1.0000,1.0000,0.2405,0.2402,13523112,18005193,636.6198,638.2164,632,641,0.2404,-0.0001,-0.0296,0.2000,-0.3052,20.1318
1.6422,0.0201,running,1,1.0000,1.0000,0.2445,0.2443,13530809,18012893,636.6198,638.2064,632,641,0.2444,-0.0001,-0.0294,0.2000,0.1221,20.0618
1.6624,0.0202,running,1,1.0000,1.0000,0.2486,0.2483,13538547,18020657,636.6198,638.1198,632,641,0.2484,-0.0001,-0.0278,0.2000,0.1221,20.2197
1.6824,0.0200,running,1,1.0000,1.0000,0.2526,0.2523,13546219,18028306,636.6198,638.1964,632,641,0.2525,-0.0001,-0.0292,0.2000,0.1221,20.0149
1.7025,0.0201,running,1,1.0000,1.0000,0.2566,0.2563,13553849,18035965,636.6198,638.0998,632,641,0.2565,-0.0001,-0.0274,0.2000,0.1221,20.1302
1.7224,0.0201,running,1,1.0000,1.0000,0.2606,0.2604,13561515,18043633,636.6198,638.0931,632,641,0.2605,-0.0001,-0.0273,0.2000,0.1221,20.0739
1.7451,0.0201,running,1,1.0000,1.0000,0.2646,0.2647,13569201,18052018,636.6198,635.7631,632,641,0.2647,-0.0001,0.0159,0.2000,0.1221,20.0674
1.7630,0.0204,running,1,1.0000,1.0000,0.2687,0.2685,13576984,18059101,636.6198,638.0964,632,641,0.2686,-0.0001,-0.0273,0.2000,0.1221,20.3592
1.7887,0.0257,running,1,1.0000,1.0000,0.2738,0.2736,13586788,18068913,636.6198,638.0698,638,633,0.2737,-0.0001,-0.0269,0.2000,0.1221,25.6636
1.8087,0.0200,running,1,1.0000,1.0000,0.2778,0.2776,13594466,18076561,636.6198,638.1698,638,633,0.2777,-0.0001,-0.0287,0.2000,0.1221,20.0441
1.8289,0.0202,running,1,1.0000,1.0000,0.2819,0.2816,13602171,18084296,636.6198,638.0698,638,633,0.2818,-0.0001,-0.0269,0.2000,0.1221,20.1794
1.8490,0.0200,running,1,1.0000,1.0000,0.2859,0.2857,13609859,18092007,636.6198,637.9931,638,633,0.2858,-0.0001,-0.0254,0.2000,0.1221,20.0297
1.8689,0.0201,running,1,1.0000,1.0000,0.2899,0.2897,13617455,18099631,636.6198,637.8998,638,633,0.2898,-0.0001,-0.0237,0.2000,0.1221,20.1155
1.8889,0.0201,running,1,1.0000,1.0000,0.2939,0.2937,13625123,18107322,636.6198,637.8231,638,633,0.2938,-0.0001,-0.0223,0.2000,0.1221,20.0585
1.9092,0.0201,running,1,1.0000,1.0000,0.2979,0.2977,13632829,18115009,636.6198,637.8864,638,633,0.2978,-0.0001,-0.0235,0.2000,0.1221,20.0967
1.9295,0.0202,running,1,1.0000,1.0000,0.3020,0.3018,13640567,18122761,636.6198,637.8398,638,633,0.3019,-0.0001,-0.0226,0.2000,0.1221,20.1800
1.9491,0.0200,running,1,1.0000,1.0000,0.3059,0.3057,13648114,18130310,636.6198,637.8331,638,633,0.3058,-0.0001,-0.0225,0.2000,0.1221,19.9503
1.9699,0.0203,running,1,1.0000,1.0000,0.3100,0.3099,13655936,18138241,636.6198,637.4698,638,633,0.3100,-0.0001,-0.0157,0.2000,0.6104,20.3195
1.9957,0.0262,running,1,1.0000,1.0000,0.3152,0.3151,13665893,18148098,636.6198,637.8031,638,637,0.3151,-0.0001,-0.0219,0.2000,0.6104,26.2336
2.0160,0.0201,running,1,1.0000,1.0000,0.3193,0.3191,13673646,18155864,636.6198,637.7598,638,637,0.3192,-0.0001,-0.0211,0.2000,0.6104,20.1418
2.0367,0.0204,running,1,1.0000,1.0000,0.3234,0.3233,13681499,18163808,636.6198,637.4564,638,637,0.3233,-0.0001,-0.0155,0.2000,0.6104,20.4192
2.0565,0.0200,running,1,1.0000,1.0000,0.3274,0.3272,13689083,18171307,636.6198,637.7398,638,637,0.3273,-0.0001,-0.0207,0.2000,0.6104,20.0203
2.0764,0.0200,running,1,1.0000,1.0000,0.3314,0.3312,13696747,18178977,636.6198,637.7198,638,637,0.3313,-0.0001,-0.0204,0.2000,0.6104,20.0494
2.0964,0.0201,running,1,1.0000,1.0000,0.3354,0.3352,13704351,18186578,636.6198,637.7298,638,637,0.3353,-0.0001,-0.0206,0.2000,0.6104,20.0875
2.1170,0.0203,running,1,1.0000,1.0000,0.3395,0.3393,13712227,18194453,636.6198,637.7331,638,637,0.3394,-0.0001,-0.0206,0.2000,0.6104,20.2845
2.1370,0.0201,running,1,1.0000,1.0000,0.3435,0.3433,13719857,18202078,636.6198,637.7498,638,637,0.3434,-0.0001,-0.0209,0.2000,0.6104,20.1248
2.1571,0.0199,running,1,1.0000,1.0000,0.3475,0.3473,13727510,18209746,636.6198,637.6998,638,637,0.3474,-0.0001,-0.0200,0.2000,0.6104,19.8880
2.1772,0.0204,running,1,1.0000,1.0000,0.3515,0.3514,13735246,18217476,636.6198,637.7198,638,637,0.3515,-0.0001,-0.0204,0.2000,0.6104,20.4019
2.2032,0.0259,running,1,1.0000,1.0000,0.3568,0.3566,13745184,18227425,636.6198,637.6831,634,640,0.3567,-0.0001,-0.0197,0.2000,0.6104,25.9026
2.2232,0.0201,running,1,1.0000,1.0000,0.3607,0.3606,13752798,18235030,636.6198,637.7131,634,640,0.3607,-0.0001,-0.0202,0.2000,0.6104,20.0911
2.2432,0.0201,running,1,1.0000,1.0000,0.3647,0.3646,13760448,18242709,636.6198,637.6164,634,640,0.3647,-0.0001,-0.0185,0.2000,0.6104,20.0598
2.2634,0.0201,running,1,1.0000,1.0000,0.3688,0.3686,13768209,18250445,636.6198,637.6998,634,640,0.3687,-0.0001,-0.0200,0.2000,0.6104,20.1246
2.2834,0.0201,running,1,1.0000,1.0000,0.3728,0.3726,13775838,18258093,636.6198,637.6364,634,640,0.3727,-0.0001,-0.0188,0.2000,0.6104,20.0536
2.3037,0.0202,running,1,1.0000,1.0000,0.3769,0.3767,13783595,18265859,636.6198,637.6064,634,640,0.3768,-0.0001,-0.0183,0.2000,-0.1221,20.1503
2.3237,0.0202,running,1,1.0000,1.0000,0.3808,0.3807,13791178,18273451,636.6198,637.5764,634,640,0.3808,-0.0001,-0.0177,0.2000,-0.1221,20.1549
2.3436,0.0200,running,1,1.0000,1.0000,0.3849,0.3847,13798849,18281138,636.6198,637.5231,634,640,0.3848,-0.0001,-0.0167,0.2000,-0.1221,19.9597
2.3636,0.0201,running,1,1.0000,1.0000,0.3888,0.3887,13806465,18288723,636.6198,637.6264,634,640,0.3888,-0.0001,-0.0186,0.2000,-0.1221,20.0984
2.3839,0.0202,running,1,1.0000,1.0000,0.3929,0.3928,13814236,18296500,636.6198,637.6064,634,640,0.3928,-0.0001,-0.0183,0.2000,-0.1221,20.2131
2.4090,0.0250,running,1,1.0000,1.0000,0.3979,0.3978,13823791,18306047,636.6198,637.6331,639,633,0.3978,-0.0001,-0.0188,0.2000,-0.1221,24.9834
2.4292,0.0202,running,1,1.0000,1.0000,0.4020,0.4018,13831550,18313807,636.6198,637.6298,639,633,0.4019,-0.0001,-0.0187,0.2000,-0.1221,20.1826
2.4495,0.0202,running,1,1.0000,1.0000,0.4060,0.4058,13839248,18321504,636.6198,637.6331,639,633,0.4059,-0.0001,-0.0188,0.2000,-0.1221,20.1626
2.4694,0.0201,running,1,1.0000,1.0000,0.4100,0.4099,13846919,18329170,636.6198,637.6498,639,633,0.4099,-0.0001,-0.0191,0.2000,-0.1221,20.0830
2.4894,0.0201,running,1,1.0000,1.0000,0.4140,0.4138,13854542,18336765,636.6198,637.7431,639,633,0.4139,-0.0001,-0.0208,0.2000,-0.1221,20.0794
2.5098,0.0201,running,1,1.0000,1.0000,0.4181,0.4179,13862309,18344551,636.6198,637.6798,639,633,0.4180,-0.0001,-0.0196,0.2000,-0.1221,20.1134
2.5297,0.0202,running,1,1.0000,1.0000,0.4221,0.4219,13869957,18352192,636.6198,637.7031,639,633,0.4220,-0.0001,-0.0201,0.2000,-0.1221,20.1643
2.5499,0.0201,running,1,1.0000,1.0000,0.4261,0.4260,13877703,18359940,636.6198,637.6964,639,633,0.4261,-0.0001,-0.0199,0.2000,-0.1221,20.1173
2.5700,0.0201,running,1,1.0000,1.0000,0.4302,0.4300,13885372,18367596,636.6198,637.7398,639,633,0.4301,-0.0001,-0.0207,0.2000,-0.1221,20.0521
2.5899,0.0201,running,1,1.0000,1.0000,0.4341,0.4340,13892970,18375203,636.6198,637.7098,639,633,0.4340,-0.0001,-0.0202,0.2000,-0.1221,20.0502
2.6157,0.0256,running,1,1.0000,1.0000,0.4393,0.4391,13902822,18385040,636.6198,637.7598,638,636,0.4392,-0.0002,-0.0211,0.2000,-0.1221,25.5675
2.6357,0.0201,running,1,1.0000,1.0000,0.4433,0.4431,13910475,18392693,636.6198,637.7598,638,636,0.4432,-0.0002,-0.0211,0.2000,-0.0610,20.1383
2.6557,0.0200,running,1,1.0000,1.0000,0.4473,0.4471,13918125,18400316,636.6198,637.8498,638,636,0.4472,-0.0002,-0.0228,0.2000,-0.0610,20.0064
2.6762,0.0203,running,1,1.0000,1.0000,0.4514,0.4512,13925929,18408144,636.6198,637.7698,638,636,0.4513,-0.0002,-0.0213,0.2000,-0.0610,20.3418
2.6959,0.0199,running,1,1.0000,1.0000,0.4554,0.4552,13933500,18415735,636.6198,637.7031,638,636,0.4553,-0.0002,-0.0201,0.2000,-0.0610,19.8693
2.7162,0.0202,running,1,1.0000,1.0000,0.4594,0.4592,13941200,18423440,636.6198,637.6864,638,636,0.4593,-0.0002,-0.0198,0.2000,-0.0610,20.1577
2.7361,0.0200,running,1,1.0000,1.0000,0.4634,0.4632,13948903,18431115,636.6198,637.7798,638,636,0.4633,-0.0002,-0.0215,0.2000,-0.0610,20.0305
2.7562,0.0200,running,1,1.0000,1.0000,0.4674,0.4672,13956529,18438717,636.6198,637.8598,638,636,0.4673,-0.0002,-0.0230,0.2000,-0.0610,20.0169
2.7764,0.0203,running,1,1.0000,1.0000,0.4715,0.4713,13964300,18446507,636.6198,637.7964,638,636,0.4714,-0.0002,-0.0218,0.2000,-0.0610,20.2744
2.7964,0.0201,running,1,1.0000,1.0000,0.4755,0.4753,13971920,18454133,636.6198,637.7764,638,636,0.4754,-0.0002,-0.0214,0.2000,-0.0610,20.0516
2.8219,0.0254,running,1,1.0000,1.0000,0.4806,0.4804,13981698,18463903,636.6198,637.8031,634,640,0.4805,-0.0002,-0.0219,0.2000,-0.0610,25.3655
2.8419,0.0200,running,1,1.0000,1.0000,0.4846,0.4844,13989305,18471504,636.6198,637.8231,634,640,0.4845,-0.0002,-0.0223,0.2000,-0.0610,19.9963
2.8622,0.0203,running,1,1.0000,1.0000,0.4886,0.4885,13997081,18479277,636.6198,637.8331,634,640,0.4886,-0.0002,-0.0225,0.2000,-0.0610,20.2847
2.8821,0.0200,running,1,1.0000,1.0000,0.4926,0.4924,14004679,18486843,636.6198,637.9398,634,640,0.4925,-0.0002,-0.0244,0.2000,-0.0610,20.0238
2.9022,0.0201,running,1,1.0000,1.0000,0.4966,0.4964,14012300,18494508,636.6198,637.7931,634,640,0.4965,-0.0002,-0.0217,0.2000,-0.0610,20.0733
2.9224,0.0203,running,1,1.0000,1.0000,0.5007,0.5005,14020008,18502228,636.6198,637.7531,634,640,0.5006,-0.0002,-0.0210,0.2000,-0.0610,20.2921
2.9427,0.0201,running,1,1.0000,1.0000,0.5047,0.5045,14027726,18509983,636.6198,637.6298,634,640,0.5046,-0.0002,-0.0187,0.2000,-0.0610,20.0782
2.9627,0.0201,running,1,1.0000,1.0000,0.5087,0.5086,14035406,18517666,636.6198,637.6198,634,640,0.5086,-0.0002,-0.0185,0.2000,0.3662,20.0535
2.9827,0.0200,running,1,1.0000,1.0000,0.5127,0.5126,14043050,18525308,636.6198,637.6264,634,640,0.5126,-0.0002,-0.0186,0.2000,0.3662,19.9757
3.0030,0.0203,running,1,1.0000,1.0000,0.5168,0.5166,14050858,18533096,636.6198,637.6931,634,640,0.5167,-0.0002,-0.0199,0.2000,0.3662,20.2880
3.0289,0.0258,running,1,1.0000,1.0000,0.5220,0.5218,14060789,18542988,636.6198,637.8231,640,634,0.5219,-0.0002,-0.0223,0.2000,0.3662,25.8446
3.0487,0.0200,running,1,1.0000,1.0000,0.5260,0.5258,14068366,18550524,636.6198,637.9598,640,634,0.5259,-0.0002,-0.0248,0.2000,0.3662,19.9881
3.0689,0.0201,running,1,1.0000,1.0000,0.5300,0.5298,14076082,18558250,636.6198,637.9264,640,634,0.5299,-0.0002,-0.0242,0.2000,0.3662,20.1020
3.0890,0.0201,running,1,1.0000,1.0000,0.5340,0.5338,14083762,18565947,636.6198,637.8698,640,634,0.5339,-0.0002,-0.0231,0.2000,0.3662,20.0689
3.1092,0.0201,running,1,1.0000,1.0000,0.5381,0.5379,14091475,18573681,636.6198,637.7998,640,634,0.5380,-0.0002,-0.0219,0.2000,0.3662,20.1444
3.1293,0.0202,running,1,1.0000,1.0000,0.5421,0.5419,14099157,18581391,636.6198,637.7064,640,634,0.5420,-0.0002,-0.0201,0.2000,0.3662,20.1677
3.1492,0.0200,running,1,1.0000,1.0000,0.5461,0.5459,14106770,18589004,636.6198,637.7064,640,634,0.5460,-0.0002,-0.0201,0.2000,0.3662,20.0376
3.1716,0.0224,running,1,1.0000,1.0000,0.5506,0.5504,14115380,18597615,636.6198,637.7031,640,634,0.5505,-0.0002,-0.0201,0.2000,0.3662,22.3562
3.1897,0.0180,running,1,1.0000,1.0000,0.5542,0.5540,14122285,18604518,636.6198,637.7098,640,634,0.5541,-0.0002,-0.0202,0.2000,0.3662,17.9821
3.2097,0.0201,running,1,1.0000,1.0000,0.5582,0.5580,14129915,18612143,636.6198,637.7264,640,634,0.5581,-0.0002,-0.0205,0.2000,0.3662,20.1001
3.2357,0.0260,running,1,1.0000,1.0000,0.5634,0.5632,14139806,18622053,636.6198,637.6631,639,635,0.5633,-0.0002,-0.0193,0.2000,0.3662,26.0021
3.2557,0.0201,running,1,1.0000,1.0000,0.5674,0.5672,14147419,18629691,636.6198,637.5798,639,635,0.5673,-0.0002,-0.0178,0.2000,0.3662,20.0556
3.2759,0.0201,running,1,1.0000,1.0000,0.5714,0.5712,14155138,18637402,636.6198,637.6064,639,635,0.5713,-0.0002,-0.0183,0.2000,0.3662,20.1165
3.2960,0.0201,running,1,1.0000,1.0000,0.5754,0.5752,14162788,18645030,636.6198,637.6798,639,635,0.5753,-0.0002,-0.0196,0.2000,-0.3052,20.0535
3.3162,0.0202,running,1,1.0000,1.0000,0.5795,0.5793,14170577,18652807,636.6198,637.7198,639,635,0.5794,-0.0002,-0.0204,0.2000,-0.3052,20.1777
3.3362,0.0200,running,1,1.0000,1.0000,0.5835,0.5833,14178219,18660442,636.6198,637.7431,639,635,0.5834,-0.0002,-0.0208,0.2000,-0.3052,19.9920
3.3561,0.0201,running,1,1.0000,1.0000,0.5875,0.5873,14185921,18668149,636.6198,637.7264,639,635,0.5874,-0.0002,-0.0205,0.2000,-0.3052,20.0660
3.3772,0.0202,running,1,1.0000,1.0000,0.5915,0.5915,14193544,18676146,636.6198,636.4798,639,635,0.5915,-0.0002,0.0026,0.2000,-0.3052,20.1534
3.3964,0.0202,running,1,1.0000,1.0000,0.5956,0.5954,14201291,18683509,636.6198,637.7598,639,635,0.5955,-0.0002,-0.0211,0.2000,-0.3052,20.1751
3.4167,0.0202,running,1,1.0000,1.0000,0.5996,0.5994,14208990,18691185,636.6198,637.8364,639,635,0.5995,-0.0002,-0.0225,0.2000,-0.3052,20.2411
3.4427,0.0259,running,1,1.0000,1.0000,0.6048,0.6046,14218926,18701147,636.6198,637.7498,632,640,0.6047,-0.0002,-0.0209,0.2000,-0.3052,25.9067
3.4627,0.0200,running,1,1.0000,1.0000,0.6088,0.6086,14226545,18708748,636.6198,637.8098,632,640,0.6087,-0.0002,-0.0220,0.2000,-0.3052,20.0422
3.4830,0.0202,running,1,1.0000,1.0000,0.6129,0.6127,14234309,18716529,636.6198,637.7531,632,640,0.6128,-0.0002,-0.0210,0.2000,-0.3052,20.2226
3.5029,0.0200,running,1,1.0000,1.0000,0.6169,0.6167,14241962,18724160,636.6198,637.8264,632,640,0.6168,-0.0002,-0.0223,0.2000,-0.3052,20.0194
3.5232,0.0201,running,1,1.0000,1.0000,0.6209,0.6207,14249698,18731908,636.6198,637.7864,632,640,0.6208,-0.0002,-0.0216,0.2000,-0.3052,20.1382
3.5432,0.0201,running,1,1.0000,1.0000,0.6249,0.6247,14257350,18739556,636.6198,637.7998,632,640,0.6248,-0.0002,-0.0219,0.2000,-0.3052,20.0558
3.5632,0.0200,running,1,1.0000,1.0000,0.6289,0.6287,14264968,18747160,636.6198,637.8464,632,640,0.6288,-0.0002,-0.0227,0.2000,-0.3052,20.0309
3.5851,0.0202,running,1,1.0000,1.0000,0.6330,0.6328,14272738,18754918,636.6198,637.8864,632,640,0.6329,-0.0002,-0.0235,0.2000,-0.3052,20.1826
3.6035,0.0201,running,1,1.0000,1.0000,0.6370,0.6368,14280342,18762524,636.6198,637.8798,632,640,0.6369,-0.0002,-0.0233,0.2000,-0.3052,20.1063
3.6237,0.0201,running,1,1.0000,1.0000,0.6410,0.6408,14288116,18770300,636.6198,637.8731,632,640,0.6409,-0.0002,-0.0232,0.2000,-0.0610,20.1334
3.6497,0.0261,running,1,1.0000,1.0000,0.6462,0.6460,14298025,18780219,636.6198,637.8398,639,634,0.6461,-0.0002,-0.0226,0.2000,-0.0610,26.0825
3.6697,0.0201,running,1,1.0000,1.0000,0.6502,0.6501,14305720,18787909,636.6198,637.8564,639,634,0.6502,-0.0002,-0.0229,0.2000,-0.0610,20.0569
3.6897,0.0201,running,1,1.0000,1.0000,0.6542,0.6540,14313320,18795511,636.6198,637.8498,639,634,0.6541,-0.0002,-0.0228,0.2000,-0.0610,20.0769
3.7100,0.0201,running,1,1.0000,1.0000,0.6583,0.6581,14321095,18803297,636.6198,637.8131,639,634,0.6582,-0.0002,-0.0221,0.2000,-0.0610,20.1117
3.7302,0.0202,running,1,1.0000,1.0000,0.6623,0.6621,14328799,18810988,636.6198,637.8564,639,634,0.6622,-0.0002,-0.0229,0.2000,-0.0610,20.1764
3.7500,0.0200,running,1,1.0000,1.0000,0.6663,0.6661,14336365,18818571,636.6198,637.7998,639,634,0.6662,-0.0002,-0.0219,0.2000,-0.0610,20.0146
3.7702,0.0201,running,1,1.0000,1.0000,0.6704,0.6702,14344115,18826298,636.6198,637.8764,639,634,0.6703,-0.0002,-0.0233,0.2000,-0.0610,20.1251
3.7902,0.0200,running,1,1.0000,1.0000,0.6743,0.6742,14351741,18833951,636.6198,637.7864,639,634,0.6743,-0.0002,-0.0216,0.2000,-0.0610,20.0273
3.8105,0.0203,running,1,1.0000,1.0000,0.6784,0.6782,14359505,18841715,636.6198,637.7864,639,634,0.6783,-0.0002,-0.0216,0.2000,-0.0610,20.2545
3.8307,0.0201,running,1,1.0000,1.0000,0.6824,0.6823,14367212,18849411,636.6198,637.8231,639,634,0.6824,-0.0002,-0.0223,0.2000,-0.0610,20.0897
3.8564,0.0260,running,1,1.0000,1.0000,0.6876,0.6874,14377072,18859252,636.6198,637.8864,639,639,0.6875,-0.0002,-0.0235,0.2000,-0.0610,25.9646
3.8767,0.0201,running,1,1.0000,1.0000,0.6916,0.6915,14384789,18866973,636.6198,637.8731,639,639,0.6916,-0.0002,-0.0232,0.2000,-0.0610,20.1372
3.8970,0.0202,running,1,1.0000,1.0000,0.6957,0.6955,14392547,18874711,636.6198,637.9398,639,639,0.6956,-0.0002,-0.0244,0.2000,-0.0610,20.2050
3.9170,0.0200,running,1,1.0000,1.0000,0.6997,0.6995,14400173,18882343,636.6198,637.9198,639,639,0.6996,-0.0002,-0.0241,0.2000,-0.0610,20.0471
3.9370,0.0201,running,1,1.0000,1.0000,0.7037,0.7035,14407863,18890027,636.6198,637.9398,639,639,0.7036,-0.0002,-0.0244,0.2000,-0.0610,20.0744
3.9572,0.0201,running,1,1.0000,1.0000,0.7078,0.7076,14415574,18897735,636.6198,637.9498,639,639,0.7077,-0.0003,-0.0246,0.2000,-0.0610,20.0849
3.9785,0.0201,running,1,1.0000,1.0000,0.7118,0.7116,14423253,18905420,636.6198,637.9298,639,639,0.7117,-0.0003,-0.0243,0.2000,-0.0610,20.1498
3.9975,0.0201,running,1,1.0000,1.0000,0.7158,0.7156,14430971,18913129,636.6198,637.9598,639,639,0.7157,-0.0003,-0.0248,0.2000,-0.0610,20.1492
4.0177,0.0201,running,1,1.0000,1.0000,0.7199,0.7197,14438709,18920882,636.6198,637.9098,639,639,0.7198,-0.0003,-0.0239,0.2000,-0.0610,20.1320
4.0384,0.0203,running,1,1.0000,1.0000,0.7239,0.7238,14446467,18928829,636.6198,637.2798,639,639,0.7239,-0.0003,-0.0122,0.2000,-0.0610,20.2507
4.0642,0.0265,running,1,1.0000,1.0000,0.7292,0.7290,14456469,18938664,636.6198,637.8364,633,638,0.7291,-0.0003,-0.0225,0.2000,-0.0610,26.4554
4.0845,0.0201,running,1,1.0000,1.0000,0.7332,0.7330,14464223,18946402,636.6198,637.8898,633,638,0.7331,-0.0003,-0.0235,0.2000,-0.0610,20.1057
4.1042,0.0200,running,1,1.0000,1.0000,0.7372,0.7370,14471766,18953954,636.6198,637.8598,633,638,0.7371,-0.0003,-0.0230,0.2000,-0.0610,19.9884
4.1245,0.0201,running,1,1.0000,1.0000,0.7412,0.7411,14479516,18961710,636.6198,637.8398,633,638,0.7412,-0.0003,-0.0226,0.2000,-0.0610,20.1013
4.1449,0.0204,running,1,1.0000,1.0000,0.7453,0.7451,14487316,18969508,636.6198,637.8464,633,638,0.7452,-0.0003,-0.0227,0.2000,-0.0610,20.3867
4.1648,0.0199,running,1,1.0000,1.0000,0.7493,0.7491,14494891,18977091,636.6198,637.8198,633,638,0.7492,-0.0003,-0.0222,0.2000,-0.0610,19.8713
4.1866,0.0220,running,1,1.0000,1.0000,0.7537,0.7535,14503306,18985506,636.6198,637.8198,633,638,0.7536,-0.0003,-0.0222,0.2000,-0.0610,21.9724
4.2065,0.0198,running,1,1.0000,1.0000,0.7576,0.7575,14510830,18993034,636.6198,637.8064,633,638,0.7576,-0.0003,-0.0220,0.2000,-0.0610,19.8408
4.2267,0.0201,running,1,1.0000,1.0000,0.7617,0.7615,14518598,19000781,636.6198,637.8764,633,638,0.7616,-0.0003,-0.0233,0.2000,-0.0610,20.0796
4.2467,0.0201,running,1,1.0000,1.0000,0.7657,0.7655,14526223,19008415,636.6198,637.8464,633,638,0.7656,-0.0003,-0.0227,0.2000,-0.0610,20.0803
4.2738,0.0269,running,1,1.0000,1.0000,0.7711,0.7709,14536576,19018753,636.6198,637.8964,636,639,0.7710,-0.0003,-0.0236,0.2000,-0.0610,26.9388
4.2937,0.0202,running,1,1.0000,1.0000,0.7751,0.7749,14544191,19026387,636.6198,637.8331,636,639,0.7750,-0.0003,-0.0225,0.2000,0.0000,20.1631
4.3139,0.0200,running,1,1.0000,1.0000,0.7791,0.7789,14551866,19034063,636.6198,637.8298,636,639,0.7790,-0.0003,-0.0224,0.2000,0.0000,19.9646
4.3337,0.0200,running,1,1.0000,1.0000,0.7831,0.7829,14559471,19041665,636.6198,637.8398,636,639,0.7830,-0.0003,-0.0226,0.2000,0.0000,20.0419
4.3537,0.0200,running,1,1.0000,1.0000,0.7871,0.7869,14567151,19049343,636.6198,637.8464,636,639,0.7870,-0.0003,-0.0227,0.2000,0.0000,20.0396
4.3739,0.0201,running,1,1.0000,1.0000,0.7912,0.7910,14574867,19057039,636.6198,637.9131,636,639,0.7911,-0.0003,-0.0240,0.2000,0.0000,20.1218
4.3950,0.0201,running,1,1.0000,1.0000,0.7952,0.7952,14582613,19065078,636.6198,636.9364,636,639,0.7952,-0.0003,-0.0059,0.2000,0.0000,20.1365
4.4143,0.0201,running,1,1.0000,1.0000,0.7992,0.7990,14590269,19072446,636.6198,637.8964,636,639,0.7991,-0.0003,-0.0236,0.2000,0.0000,20.0845
4.4342,0.0201,running,1,1.0000,1.0000,0.8032,0.8030,14597897,19080079,636.6198,637.8798,636,639,0.8031,-0.0003,-0.0233,0.2000,0.0000,20.1206
4.4542,0.0200,running,1,1.0000,1.0000,0.8073,0.8070,14605572,19087742,636.6198,637.9198,636,639,0.8071,-0.0003,-0.0241,0.2000,0.0000,20.0097
4.4802,0.0258,running,1,1.0000,1.0000,0.8124,0.8122,14615464,19097664,636.6198,637.8198,638,638,0.8123,-0.0003,-0.0222,0.2000,0.0000,25.8320
4.5002,0.0200,running,1,1.0000,1.0000,0.8164,0.8162,14623085,19105280,636.6198,637.8364,638,638,0.8163,-0.0003,-0.0225,0.2000,0.0000,20.0271
4.5205,0.0202,running,1,1.0000,1.0000,0.8205,0.8203,14630800,19113024,636.6198,637.7398,638,638,0.8204,-0.0003,-0.0207,0.2000,0.0000,20.1906
4.5402,0.0200,running,1,1.0000,1.0000,0.8244,0.8242,14638393,19120595,636.6198,637.8131,638,638,0.8243,-0.0003,-0.0221,0.2000,0.0000,19.9901
4.5604,0.0201,running,1,1.0000,1.0000,0.8285,0.8283,14646126,19128335,636.6198,637.7898,638,638,0.8284,-0.0003,-0.0217,0.2000,0.0000,20.1121
4.5806,0.0201,running,1,1.0000,1.0000,0.8325,0.8323,14653818,19136017,636.6198,637.8231,638,638,0.8324,-0.0003,-0.0223,0.2000,0.0000,20.1093
4.6007,0.0201,running,1,1.0000,1.0000,0.8365,0.8364,14661522,19143707,636.6198,637.8698,638,638,0.8364,-0.0003,-0.0231,0.2000,0.0000,20.0936
4.6207,0.0201,running,1,1.0000,1.0000,0.8406,0.8404,14669169,19151381,636.6198,637.7798,638,638,0.8405,-0.0003,-0.0215,0.2000,-0.1221,20.0542
4.6410,0.0202,running,1,1.0000,1.0000,0.8446,0.8444,14676869,19159069,636.6198,637.8198,638,638,0.8445,-0.0003,-0.0222,0.2000,-0.1221,20.2456
4.6609,0.0200,running,1,1.0000,1.0000,0.8486,0.8484,14684515,19166743,636.6198,637.7264,638,638,0.8485,-0.0003,-0.0205,0.2000,-0.1221,19.9701
4.6869,0.0260,running,1,1.0000,1.0000,0.8538,0.8536,14694445,19176661,636.6198,637.7664,641,632,0.8537,-0.0003,-0.0212,0.2000,-0.1221,25.9703
4.7070,0.0200,running,1,1.0000,1.0000,0.8578,0.8576,14702120,19184337,636.6198,637.7631,641,632,0.8577,-0.0003,-0.0212,0.2000,-0.1221,20.0322
4.7273,0.0202,running,1,1.0000,1.0000,0.8618,0.8617,14709840,19192050,636.6198,637.7864,641,632,0.8618,-0.0003,-0.0216,0.2000,-0.1221,20.2079
4.7472,0.0201,running,1,1.0000,1.0000,0.8659,0.8657,14717504,19199714,636.6198,637.7864,641,632,0.8658,-0.0003,-0.0216,0.2000,-0.1221,20.0514
4.7672,0.0201,running,1,1.0000,1.0000,0.8699,0.8697,14725158,19207330,636.6198,637.9131,641,632,0.8698,-0.0003,-0.0240,0.2000,-0.1221,20.0787
4.7891,0.0201,running,1,1.0000,1.0000,0.8739,0.8737,14732887,19215057,636.6198,637.9198,641,632,0.8738,-0.0003,-0.0241,0.2000,-0.1221,20.1465
4.8075,0.0201,running,1,1.0000,1.0000,0.8779,0.8777,14740567,19222713,636.6198,637.9998,641,632,0.8778,-0.0003,-0.0256,0.2000,-0.1221,20.0712
4.8277,0.0201,running,1,1.0000,1.0000,0.8820,0.8818,14748268,19230435,636.6198,637.9298,641,632,0.8819,-0.0003,-0.0243,0.2000,-0.1221,20.1398
4.8477,0.0200,running,1,1.0000,1.0000,0.8860,0.8858,14755964,19238135,636.6198,637.9164,641,632,0.8859,-0.0003,-0.0240,0.2000,-0.1221,20.0077
4.8680,0.0203,running,1,1.0000,1.0000,0.8900,0.8898,14763689,19245838,636.6198,637.9898,641,632,0.8899,-0.0003,-0.0254,0.2000,-0.1221,20.2901
4.8941,0.0260,running,1,1.0000,1.0000,0.8953,0.8951,14773661,19255817,636.6198,637.9664,635,642,0.8952,-0.0003,-0.0249,0.2000,-0.1221,25.9538
4.9137,0.0199,running,1,1.0000,1.0000,0.8992,0.8990,14781155,19263314,636.6198,637.9564,635,642,0.8991,-0.0003,-0.0248,0.2000,-0.1221,19.8984
4.9343,0.0204,running,1,1.0000,1.0000,0.9033,0.9031,14789029,19271184,636.6198,637.9698,635,642,0.9032,-0.0003,-0.0250,0.2000,-0.1221,20.4244
4.9543,0.0201,running,1,1.0000,1.0000,0.9073,0.9071,14796634,19278776,636.6198,638.0131,635,642,0.9072,-0.0003,-0.0258,0.2000,-0.0610,20.0646
4.9745,0.0201,running,1,1.0000,1.0000,0.9114,0.9111,14804391,19286545,636.6198,637.9731,635,642,0.9112,-0.0003,-0.0251,0.2000,-0.0610,20.0728
4.9943,0.0199,running,1,1.0000,1.0000,0.9153,0.9151,14811945,19294078,636.6198,638.0431,635,642,0.9152,-0.0003,-0.0264,0.2000,-0.0610,19.9115
5.0150,0.0204,running,1,1.0000,1.0000,0.9194,0.9192,14819769,19301925,636.6198,637.9664,635,642,0.9193,-0.0003,-0.0249,0.2000,-0.0610,20.3667
5.0351,0.0201,running,1,1.0000,1.0000,0.9234,0.9233,14827423,19309675,624.5474,625.5741,635,642,0.9233,-0.0003,-0.0190,0.1962,-0.0610,20.0954
5.0552,0.0204,running,1,1.0000,1.0000,0.9275,0.9272,14835144,19317309,607.8406,609.1573,635,642,0.9274,-0.0003,-0.0244,0.1910,-0.0610,20.4232
5.0757,0.0197,running,1,1.0000,1.0000,0.9313,0.9313,14842496,19324955,591.4937,591.8304,635,642,0.9313,-0.0003,-0.0062,0.1858,-0.0610,19.7244
5.1104,0.0353,running,1,1.0000,1.0000,0.9379,0.9377,14855120,19337364,562.3174,563.3707,600,597,0.9378,-0.0003,-0.0195,0.1767,-0.0610,35.3200
5.1302,0.0201,running,1,1.0000,1.0000,0.9416,0.9414,14862089,19344348,545.5427,546.5460,600,597,0.9415,-0.0003,-0.0186,0.1714,-0.0610,20.0919
5.1515,0.0202,running,1,1.0000,1.0000,0.9451,0.9452,14868820,19351504,528.8360,528.4227,600,597,0.9451,-0.0003,0.0077,0.1661,-0.0610,20.1529
5.1717,0.0200,running,1,1.0000,1.0000,0.9485,0.9484,14875426,19357767,511.9097,512.6397,600,597,0.9485,-0.0003,-0.0135,0.1608,-0.0610,20.0285
5.1931,0.0207,running,1,1.0000,1.0000,0.9521,0.9521,14882127,19364685,494.1479,494.1546,600,597,0.9521,-0.0003,-0.0001,0.1552,-0.0610,20.6870
5.2160,0.0240,running,1,1.0000,1.0000,0.9558,0.9557,14889311,19371649,474.3678,475.1078,600,597,0.9558,-0.0003,-0.0137,0.1490,-0.0610,23.9888
5.2373,0.0201,running,1,1.0000,1.0000,0.9589,0.9589,14895189,19377763,457.5480,457.5013,600,597,0.9589,-0.0003,0.0009,0.1437,-0.0610,20.1108
5.2565,0.0201,running,1,1.0000,1.0000,0.9617,0.9618,14900557,19383251,441.6283,441.1816,600,597,0.9617,-0.0003,0.0083,0.1387,-0.0610,20.0651
5.2762,0.0201,running,1,1.0000,1.0000,0.9645,0.9646,14905945,19388568,425.0500,424.8400,600,597,0.9645,-0.0003,0.0039,0.1335,-0.0610,20.1120
5.3097,0.0344,running,1,1.0000,1.0000,0.9692,0.9691,14914811,19397192,396.2636,396.8603,437,427,0.9691,-0.0003,-0.0110,0.1245,-0.4272,34.3669
5.3300,0.0201,running,1,1.0000,1.0000,0.9718,0.9717,14919857,19402215,378.9048,379.5781,437,427,0.9718,-0.0003,-0.0125,0.1190,-0.4272,20.1184
5.3512,0.0203,running,1,1.0000,1.0000,0.9743,0.9743,14924576,19407199,361.9183,361.7083,437,427,0.9743,-0.0003,0.0039,0.1137,-0.4272,20.2504
5.3709,0.0200,running,1,1.0000,1.0000,0.9766,0.9766,14929062,19411655,344.9959,344.8859,437,427,0.9766,-0.0003,0.0020,0.1084,-0.4272,20.0240
5.3910,0.0201,running,1,1.0000,1.0000,0.9789,0.9789,14933332,19415894,328.0785,328.0718,437,427,0.9789,-0.0003,0.0001,0.1031,-0.4272,20.1063
5.4110,0.0200,running,1,1.0000,1.0000,0.9810,0.9810,14937364,19419948,311.2612,311.1812,437,427,0.9810,-0.0003,0.0015,0.0978,-0.4272,19.9789
5.4327,0.0225,running,1,1.0000,1.0000,0.9832,0.9832,14941662,19424105,292.2707,292.6607,437,427,0.9832,-0.0003,-0.0072,0.0918,-0.4272,22.4924
5.4537,0.0201,running,1,1.0000,1.0000,0.9851,0.9852,14945328,19427914,275.0385,274.9518,437,427,0.9852,-0.0003,0.0016,0.0864,-0.4272,20.0890
5.4737,0.0201,running,1,1.0000,1.0000,0.9869,0.9869,14948746,19431330,257.9370,257.8570,437,427,0.9869,-0.0003,0.0015,0.0810,-0.4272,20.0680
5.4937,0.0201,running,1,1.0000,1.0000,0.9886,0.9886,14951962,19434538,240.7395,240.6862,437,427,0.9886,-0.0003,0.0010,0.0756,-0.4272,20.0879
5.5277,0.0348,running,1,1.0000,1.0000,0.9913,0.9913,14957096,19439563,210.3921,210.7021,253,246,0.9913,-0.0003,-0.0057,0.0661,-0.4272,34.8241
5.5477,0.0200,running,1,1.0000,1.0000,0.9928,0.9927,14959865,19442356,192.0439,192.2739,253,246,0.9927,-0.0003,-0.0043,0.0603,-0.4272,19.9997
5.5687,0.0201,running,1,1.0000,1.0000,0.9940,0.9941,14962330,19444909,174.0905,174.0272,253,246,0.9941,-0.0003,0.0012,0.0547,-0.4272,20.0835
5.5890,0.0201,running,1,1.0000,1.0000,0.9952,0.9952,14964597,19447161,155.7632,155.7499,253,246,0.9952,-0.0003,0.0002,0.0489,-0.4272,20.1484
5.6088,0.0200,running,1,1.0000,1.0000,0.9963,0.9963,14966565,19449141,137.8919,137.8386,253,246,0.9963,-0.0003,0.0010,0.0433,-0.4272,20.0323
5.6292,0.0202,running,1,1.0000,1.0000,0.9972,0.9972,14968375,19450962,119.1113,119.0213,253,246,0.9972,-0.0003,0.0017,0.0374,-0.4272,20.1946
5.6522,0.0236,running,1,1.0000,1.0000,0.9982,0.9981,14970204,19452718,96.4893,96.6426,253,246,0.9982,-0.0003,-0.0028,0.0303,0.0610,23.5792
5.6743,0.0204,running,1,1.0000,1.0000,0.9989,0.9989,14971521,19454104,76.1458,76.0691,253,246,0.9989,-0.0003,0.0014,0.0239,0.0610,20.3979
5.6932,0.0201,settling,1,1.0000,1.0000,0.9994,0.9994,14972612,19455188,0.0000,0.0000,253,246,0.9994,-0.0003,0.0010,0.0000,0.0610,20.0590
5.7122,0.0200,settling,1,1.0000,1.0000,0.9999,0.9999,14973448,19455976,0.0000,0.0000,253,246,0.9999,-0.0003,-0.0020,0.0000,0.0610,20.0482
5.7370,0.0247,settling,1,1.0000,1.0000,1.0002,1.0001,14973986,19456538,0.0000,0.0000,54,49,1.0002,-0.0003,-0.0005,0.0000,0.0610,24.6917
5.7569,0.0200,settling,1,1.0000,1.0000,1.0002,1.0002,14974041,19456601,0.0000,0.0000,54,49,1.0002,-0.0003,0.0000,0.0000,0.0610,20.0137
5.7772,0.0202,settling,1,1.0000,1.0000,1.0002,1.0002,14974026,19456591,0.0000,0.0000,54,49,1.0002,-0.0003,0.0003,0.0000,0.0610,20.1762
5.7975,0.0201,settling,1,1.0000,1.0000,1.0002,1.0002,14973990,19456568,0.0000,0.0000,54,49,1.0002,-0.0003,0.0011,0.0000,0.0610,20.0973
5.8172,0.0200,settling,1,1.0000,1.0000,1.0001,1.0002,14973975,19456564,0.0000,0.0000,54,49,1.0002,-0.0003,0.0018,0.0000,0.0610,19.9543
5.8380,0.0204,settling,1,1.0000,1.0000,1.0002,1.0002,14973982,19456567,0.0000,0.0000,54,49,1.0002,-0.0003,0.0015,0.0000,0.0610,20.3550
5.8580,0.0200,settling,1,1.0000,1.0000,1.0002,1.0002,14973985,19456566,0.0000,0.0000,54,49,1.0002,-0.0003,0.0013,0.0000,0.0610,19.9906
5.8777,0.0202,settling,1,1.0000,1.0000,1.0001,1.0002,14973979,19456564,0.0000,0.0000,54,49,1.0002,-0.0003,0.0015,0.0000,0.0610,20.1684
5.8977,0.0200,settling,1,1.0000,1.0000,1.0002,1.0002,14973982,19456563,0.0000,0.0000,54,49,1.0002,-0.0003,0.0013,0.0000,0.0610,20.0344
5.9180,0.0201,settling,1,1.0000,1.0000,1.0001,1.0002,14973979,19456564,0.0000,0.0000,54,49,1.0002,-0.0003,0.0015,0.0000,0.0610,20.0718
5.9427,0.0248,settling,1,1.0000,1.0000,1.0001,1.0002,14973976,19456563,0.0000,0.0000,0,0,1.0002,-0.0003,0.0017,0.0000,0.0610,24.8399
5.9627,0.0201,settling,1,1.0000,1.0000,1.0001,1.0002,14973981,19456563,0.0000,0.0000,0,0,1.0002,-0.0003,0.0014,0.0000,0.0610,20.0527
5.9830,0.0201,settling,1,1.0000,1.0000,1.0001,1.0002,14973979,19456563,0.0000,0.0000,0,0,1.0002,-0.0003,0.0015,0.0000,0.0000,20.1458
6.0049,0.0221,settling,1,1.0000,1.0000,1.0001,1.0002,14973978,19456566,0.0000,0.0000,0,0,1.0002,-0.0003,0.0017,0.0000,0.0000,22.0679
6.0232,0.0183,settling,1,1.0000,1.0000,1.0001,1.0002,14973978,19456566,0.0000,0.0000,0,0,1.0002,-0.0003,0.0017,0.0000,0.0000,18.3080
6.0432,0.0199,settling,1,1.0000,1.0000,1.0001,1.0002,14973976,19456564,0.0000,0.0000,0,0,1.0002,-0.0003,0.0017,0.0000,0.0000,19.9060
6.0635,0.0202,settling,1,1.0000,1.0000,1.0001,1.0002,14973978,19456562,0.0000,0.0000,0,0,1.0002,-0.0003,0.0015,0.0000,0.0000,20.1707
6.0837,0.0202,settling,1,1.0000,1.0000,1.0001,1.0002,14973979,19456561,0.0000,0.0000,0,0,1.0002,-0.0003,0.0014,0.0000,0.0000,20.2380
6.1037,0.0201,settling,1,1.0000,1.0000,1.0001,1.0002,14973978,19456562,0.0000,0.0000,0,0,1.0002,-0.0003,0.0015,0.0000,0.0000,20.0549
6.1237,0.0200,settling,1,1.0000,1.0000,1.0001,1.0002,14973975,19456564,0.0000,0.0000,0,0,1.0002,-0.0003,0.0018,0.0000,0.0000,19.9523
6.1450,0.0213,settling,1,1.0000,1.0000,1.0001,1.0002,14973981,19456561,0.0000,0.0000,0,0,1.0002,-0.0003,0.0012,0.0000,0.0000,21.2947
6.1653,0.0202,settling,1,1.0000,1.0000,1.0001,1.0002,14973979,19456563,0.0000,0.0000,0,0,1.0002,-0.0003,0.0015,0.0000,0.0000,20.2158
6.1852,0.0201,settling,1,1.0000,1.0000,1.0001,1.0002,14973976,19456562,0.0000,0.0000,0,0,1.0002,-0.0003,0.0016,0.0000,0.0000,20.0553
6.2052,0.0200,settling,1,1.0000,1.0000,1.0001,1.0002,14973976,19456564,0.0000,0.0000,0,0,1.0002,-0.0003,0.0017,0.0000,0.0000,20.0497
6.2258,0.0204,settling,1,1.0000,1.0000,1.0001,1.0002,14973976,19456563,0.0000,0.0000,0,0,1.0002,-0.0003,0.0017,0.0000,0.0000,20.3591
6.2455,0.0199,settling,1,1.0000,1.0000,1.0001,1.0002,14973981,19456564,0.0000,0.0000,0,0,1.0002,-0.0003,0.0014,0.0000,0.0000,19.9184
6.2655,0.0201,settling,1,1.0000,1.0000,1.0001,1.0002,14973978,19456563,0.0000,0.0000,0,0,1.0002,-0.0003,0.0015,0.0000,0.0000,20.0556
6.2857,0.0201,settling,1,1.0000,1.0000,1.0001,1.0002,14973977,19456562,0.0000,0.0000,0,0,1.0002,-0.0003,0.0015,0.0000,0.0000,20.1242
6.3057,0.0200,settling,1,1.0000,1.0000,1.0001,1.0002,14973975,19456563,0.0000,0.0000,0,0,1.0002,-0.0003,0.0017,0.0000,0.0000,20.0294
6.3260,0.0202,settling,1,1.0000,1.0000,1.0001,1.0002,14973977,19456564,0.0000,0.0000,0,0,1.0002,-0.0003,0.0017,0.0000,-0.0610,20.1504
6.3470,0.0210,settling,1,1.0000,1.0000,1.0001,1.0002,14973981,19456563,0.0000,0.0000,0,0,1.0002,-0.0003,0.0014,0.0000,-0.0610,21.0499
6.3670,0.0200,settling,1,1.0000,1.0000,1.0001,1.0002,14973976,19456560,0.0000,0.0000,0,0,1.0002,-0.0003,0.0015,0.0000,-0.0610,19.9698
6.3870,0.0201,settling,1,1.0000,1.0000,1.0001,1.0002,14973978,19456565,0.0000,0.0000,0,0,1.0002,-0.0003,0.0017,0.0000,-0.0610,20.1402
6.4085,0.0201,settling,1,1.0000,1.0000,1.0001,1.0002,14973977,19456563,0.0000,0.0000,0,0,1.0002,-0.0003,0.0016,0.0000,-0.0610,20.0681
6.4280,0.0202,done,1,1.0000,1.0000,1.0001,1.0002,14973981,19456563,0.0000,0.0000,0,0,1.0002,-0.0003,0.0014,0.0000,-0.0610,20.1795
